<intimacao><id>2257141851</id><idOystr>a8704c041afdcc56dcf6e82eb1e425f2</idOystr><processo>0007405-70.2023.8.16.0031</processo><diario>PROJUDI/PR</diario><reu>Banco do Brasil S/A ( Réu )</reu><dataPostagem>05/09/2025</dataPostagem><intimacaoAutomatica></intimacaoAutomatica><dataIntimacao>08/09/2025</dataIntimacao><prazoCumprimento>06/11/2025</prazoCumprimento><classeProcessual>Procedimento Comum Cível</classeProcessual><primeiroDiaPrazo></primeiroDiaPrazo><ultimoDiaPrazo>06/11/2025</ultimoDiaPrazo><tipo>On-Line</tipo><meioComunicacao>0007405-70.2023.8.16.0031</meioComunicacao><distribuicao>03/05/2023</distribuicao><juizo>1ª Vara Cível de Guarapuava</juizo><dataCumprimento></dataCumprimento><leitor>Fabiula Müller Koenig</leitor><estatus>Em andamento</estatus><documento>RECEBIDOS OS AUTOS DO CEJUSC Para 1ª Vara Cível de Guarapuava ( Em 2025-09-04 15:02:27.736 )</documento><movimento>EXPEDIÇÃO DE INTIMAÇÃO Referente ao evento (seq. 238) RECEBIDOS OS AUTOS DO CEJUSC (04/09/2025). ( Em 2025-09-05 20:41:40.339 ) - Para advogados/curador/defensor de ANDREIA DE RAMOS VORNES com prazo de 6 de Novembro de 2025</movimento><evento></evento><advogado></advogado><linkProcesso>https://projudi.tjpr.jus.br/projudi/processo.do?_tj=ab2dfcffdfd29e4fa36967d3b3509006c659add78e23f7978a9bed257c37b16693d3502e8b46182080a62ea966ac25b5</linkProcesso><anexos></anexos></intimacao>