<intimacao><id>2257049371</id><idOystr>4cdd8990f05ad65795455cd02f96c4d2</idOystr><processo>0002790-34.2024.8.16.0053</processo><diario>PROJUDI/PR</diario><dataPostagem>05/09/2025</dataPostagem><intimacaoAutomatica></intimacaoAutomatica><dataIntimacao>09/09/2025</dataIntimacao><prazoCumprimento></prazoCumprimento><classeProcessual>Recurso Inominado Cível</classeProcessual><primeiroDiaPrazo></primeiroDiaPrazo><ultimoDiaPrazo></ultimoDiaPrazo><tipo>On-Line</tipo><meioComunicacao>0002790-34.2024.8.16.0053</meioComunicacao><distribuicao>04/09/2025</distribuicao><juizo>5ª Turma Recursal dos Juizados Especiais</juizo><dataCumprimento></dataCumprimento><leitor>Fabiula Müller Koenig</leitor><documento>INCLUÍDO EM PAUTA PARA SESSÃO VIRTUAL DE 13/10/2025 00:00 ATÉ 17/10/2025 23:59 Recurso incluído em Sessão Virtual. ( Em 2025-09-05 18:04:14.173 )</documento><movimento>EXPEDIÇÃO DE INTIMAÇÃO Referente ao evento (seq. 9) INCLUÍDO EM PAUTA PARA SESSÃO VIRTUAL DE 13/10/2025 00:00 ATÉ 17/10/2025 23:59 (05/09/2025). ( Em 2025-09-05 18:04:14.448 )</movimento><evento></evento><advogado></advogado><linkProcesso>https://projudi.tjpr.jus.br/projudi/processo/recursal/recurso.do?_tj=034c092abcda8df12088b880e12ebb7c0184bdb78e22ccf3751e604a4b90d09bd99ab8a2e625c60d</linkProcesso><anexos></anexos></intimacao>