<intimacao><id>2257193951</id><idOystr>f9a582290fd4d944b5a20a51076ff0e7</idOystr><processo>0003603-37.2024.8.16.0158</processo><diario>PROJUDI/PR</diario><autor>Banco do Brasil S/A ( Exequente )</autor><dataPostagem>06/09/2025</dataPostagem><intimacaoAutomatica></intimacaoAutomatica><dataIntimacao>08/09/2025</dataIntimacao><prazoCumprimento>5 dias úteis</prazoCumprimento><classeProcessual>Execução de Título Extrajudicial</classeProcessual><primeiroDiaPrazo>17/09/2025</primeiroDiaPrazo><ultimoDiaPrazo>23/09/2025</ultimoDiaPrazo><tipo>On-Line</tipo><meioComunicacao>0003603-37.2024.8.16.0158</meioComunicacao><distribuicao>07/11/2024</distribuicao><juizo>Vara Cível de São Mateus do Sul</juizo><dataCumprimento></dataCumprimento><leitor>Fabiula Müller Koenig</leitor><estatus>Em andamento</estatus><documento>ATO ORDINATÓRIO PRATICADO Distribuição realizada referente ao Mandado expedido (seq. 49) em 13/06/2025 13:00:29. Tipo: Distribuição Inicial Automática. Oficial de Justiça Designado: Andreas Kreutzer Vital. Parte: Margarete Kaminski Drobniewski ( Em 2025-06-13 13:02:32.867 )</documento><movimento>EXPEDIÇÃO DE INTIMAÇÃO Referente ao evento (seq. 50) ATO ORDINATÓRIO PRATICADO (13/06/2025). ( Em 2025-09-06 19:52:12.7 ) - Para advogados/curador/defensor de Banco do Brasil S/A com prazo de 5 dias úteis</movimento><evento></evento><advogado></advogado><linkProcesso>https://projudi.tjpr.jus.br/projudi/processo.do?_tj=f2e9aeb76add6b3cf3915ebd686b3cb5372bc58345d8671c1bc7820c8701efa0ebcb74df20dbef111752a0ae0642c422</linkProcesso><anexos></anexos></intimacao>