<intimacao><id>2256907671</id><idOystr>092ab5956f06b6f1586f51563fab946d</idOystr><processo>0003576-03.2025.8.16.0196</processo><diario>PROJUDI/PR</diario><dataPostagem>05/09/2025</dataPostagem><intimacaoAutomatica></intimacaoAutomatica><dataIntimacao>09/09/2025</dataIntimacao><prazoCumprimento>19/11/2025</prazoCumprimento><classeProcessual>Reclamação Pré-processual</classeProcessual><primeiroDiaPrazo></primeiroDiaPrazo><ultimoDiaPrazo>19/11/2025</ultimoDiaPrazo><tipo>On-Line</tipo><meioComunicacao>0003576-03.2025.8.16.0196</meioComunicacao><distribuicao>16/06/2025</distribuicao><juizo>CEJUSC Curitiba - PRE - Pro-Endividados - Superendividamento</juizo><dataCumprimento></dataCumprimento><leitor>Fabiula Müller Koenig</leitor><estatus>Em andamento</estatus><documento>AUDIÊNCIA DE CONCILIAÇÃO DESIGNADA (Agendada para: 19 de novembro de 2025 às 13:00, em CEJUSC Curitiba - PRE - Pro-Endividados - Superendividamento, Modalidade: Virtual) ( Em 2025-09-05 16:59:01.924 )</documento><movimento>EXPEDIÇÃO DE INTIMAÇÃO Referente ao evento (seq. 46) AUDIÊNCIA DE CONCILIAÇÃO DESIGNADA (05/09/2025). ( Em 2025-09-05 17:00:49.435 ) - Para advogados/curador/defensor de BANCO AFINZ S.A. BANCO MULTIPLO com prazo de 19 de Novembro de 2025</movimento><evento></evento><advogado></advogado><linkProcesso>https://projudi.tjpr.jus.br/projudi/processo.do?_tj=f2e9aeb76add6b3cf3915ebd686b3cb5372bc58345d8671c1bc7820c8701efa071beac64516d0bcd1752a0ae0642c422</linkProcesso><anexos></anexos></intimacao>