<intimacao><id>2256714421</id><idOystr>afeeec7878006e96d20dc356e0b50444</idOystr><processo>0011563-03.2021.8.16.0044</processo><diario>PROJUDI/PR</diario><dataPostagem>05/09/2025</dataPostagem><intimacaoAutomatica></intimacaoAutomatica><dataIntimacao>09/09/2025</dataIntimacao><prazoCumprimento></prazoCumprimento><classeProcessual>Apelação Cível</classeProcessual><primeiroDiaPrazo></primeiroDiaPrazo><ultimoDiaPrazo></ultimoDiaPrazo><tipo>On-Line</tipo><meioComunicacao>0011563-03.2021.8.16.0044</meioComunicacao><distribuicao>16/08/2024</distribuicao><juizo>20ª Câmara Cível</juizo><dataCumprimento></dataCumprimento><leitor>Fabiula Müller Koenig</leitor><documento>INCLUÍDO EM PAUTA PARA SESSÃO VIRTUAL DE 22/09/2025 00:00 ATÉ 26/09/2025 16:00 Recurso incluído em Sessão Virtual. ( Em 2025-09-05 15:43:56.272 )</documento><movimento>EXPEDIÇÃO DE INTIMAÇÃO Referente ao evento (seq. 37) INCLUÍDO EM PAUTA PARA SESSÃO VIRTUAL DE 22/09/2025 00:00 ATÉ 26/09/2025 16:00 (05/09/2025). ( Em 2025-09-05 15:43:56.631 )</movimento><evento></evento><advogado></advogado><linkProcesso>https://projudi.tjpr.jus.br/projudi/processo/recursal/recurso.do?_tj=ab2dfcffdfd29e4fa36967d3b3509006c659add78e23f7978a9bed257c37b1664648d7205a792e56</linkProcesso><anexos></anexos></intimacao>